host_name,host_response_time
Kenneth,within a day
Ed,within a day
Janet,within a day
Leiba,within a day
Ed,within a day
Ed,within a day
Elizabeth,within a day
Elizabeth,within a day
Elizabeth,within a day
Michael,within a day
Elizabeth,within a day
Michael,within a day
Nim,within a day
Michael,within a day
Mohammed,within a day
Michael,within a day
Grant,within a day
Michael,within a day
Andrew,within a day
Kira,within a day
Elizabeth,within a day
Elizabeth,within a day
Elizabeth,within a day
Terra,within a day
Terra,within a day
Terra,within a day
Terra,within a day
Terra,within a day
Cristian,within a day
Elizabeth,within a day
Grant,within a day
Cristian,within a day
Terra,within a day
Matt,within a day
Grant,within a day
Andrew,within a day
Andrew,within a day
Crystal,within a day
Crystal,within a day
Fabiola,within a day
Chris,within a day
Fabiola,within a day
Michael,within a day
Sylvain Marco,within a day
Fabiola,within a day
Fabiola,within a day
Fabiola,within a day
